	<!--
	Copyright 2004 		Philip Jacob <phil@whirlycott.com>
					  	Seth Fitzsimmons <seth@note.amherst.edu>
	
	Licensed under the Apache License, Version 2.0 (the "License");
	you may not use this file except in compliance with the License.
	You may obtain a copy of the License at
	
	    http://www.apache.org/licenses/LICENSE-2.0
	
	Unless required by applicable law or agreed to in writing, software
	distributed under the License is distributed on an "AS IS" BASIS,
	WITHOUT WARRANTIES OR CONDITIONS OF ANY KIND, either express or implied.
	See the License for the specific language governing permissions and
	limitations under the License.
	-->

	<whirlycache>

	<default-cache>default</default-cache>

	<cache name="default">
		<backend>com.whirlycott.cache.impl.ConcurrentHashMapImpl</backend>

		<tuner-sleeptime>30</tuner-sleeptime>
		
		<!-- evicts oldest items when pruning -->
		<!-- <policy>com.whirlycott.cache.policy.FIFOMaintenancePolicy</policy> -->

		<!-- evicts least recently used items when pruning -->
		<!-- <policy>com.whirlycott.cache.policy.LRUMaintenancePolicy</policy> -->

		<!-- evicts least frequently used items when pruning -->
		<policy>com.whirlycott.cache.policy.LFUMaintenancePolicy</policy>
		
		<maxsize>10000</maxsize>
	</cache>

</whirlycache>